INSERT INTO main.monitorizacao_vinculo_grupo_medida 
(ID_MONITORIZACAO_GRUPO_MEDIDA, ID_MONITORIZACAO_UNIDADE_MEDIDA)
VALUES (3, 8);

INSERT INTO main.monitorizacao_vinculo_grupo_medida 
(ID_MONITORIZACAO_GRUPO_MEDIDA, ID_MONITORIZACAO_UNIDADE_MEDIDA)
VALUES (5, 19);

INSERT INTO main.monitorizacao_vinculo_grupo_medida 
(ID_MONITORIZACAO_GRUPO_MEDIDA, ID_MONITORIZACAO_UNIDADE_MEDIDA)
VALUES (3, 13);

INSERT INTO main.monitorizacao_vinculo_grupo_medida 
(ID_MONITORIZACAO_GRUPO_MEDIDA, ID_MONITORIZACAO_UNIDADE_MEDIDA)
VALUES (4, 18);

INSERT INTO main.monitorizacao_vinculo_grupo_medida 
(ID_MONITORIZACAO_GRUPO_MEDIDA, ID_MONITORIZACAO_UNIDADE_MEDIDA)
VALUES (5, 18);

INSERT INTO main.monitorizacao_vinculo_grupo_medida 
(ID_MONITORIZACAO_GRUPO_MEDIDA, ID_MONITORIZACAO_UNIDADE_MEDIDA)
VALUES (6, 6);

INSERT INTO MAIN.MONITORIZACAO_VINCULO_ITEM_UNIDADE_MEDIDA 
		(ID_MONITORIZACAO_ITEM, ID_MONITORIZACAO_UNIDADE_MEDIDA, ORDEM, ID_SGH_PRSINALVITAL_TBUNIDADEMEDIDA)
VALUES 	(1, 19, 1, NULL);

INSERT INTO MAIN.MONITORIZACAO_VINCULO_ITEM_UNIDADE_MEDIDA 
		(ID_MONITORIZACAO_ITEM, ID_MONITORIZACAO_UNIDADE_MEDIDA, ORDEM, ID_SGH_PRSINALVITAL_TBUNIDADEMEDIDA)
VALUES 	(2, 8, 1, NULL);

INSERT INTO MAIN.MONITORIZACAO_VINCULO_ITEM_UNIDADE_MEDIDA 
		(ID_MONITORIZACAO_ITEM, ID_MONITORIZACAO_UNIDADE_MEDIDA, ORDEM, ID_SGH_PRSINALVITAL_TBUNIDADEMEDIDA)
VALUES 	(3, 13, 1, NULL);

INSERT INTO MAIN.MONITORIZACAO_VINCULO_ITEM_UNIDADE_MEDIDA 
		(ID_MONITORIZACAO_ITEM, ID_MONITORIZACAO_UNIDADE_MEDIDA, ORDEM, ID_SGH_PRSINALVITAL_TBUNIDADEMEDIDA)
VALUES 	(4, 18, 1, NULL);

INSERT INTO MAIN.MONITORIZACAO_VINCULO_ITEM_UNIDADE_MEDIDA 
		(ID_MONITORIZACAO_ITEM, ID_MONITORIZACAO_UNIDADE_MEDIDA, ORDEM, ID_SGH_PRSINALVITAL_TBUNIDADEMEDIDA)
VALUES 	(5, 18, 1, NULL);

INSERT INTO MAIN.MONITORIZACAO_VINCULO_ITEM_UNIDADE_MEDIDA 
		(ID_MONITORIZACAO_ITEM, ID_MONITORIZACAO_UNIDADE_MEDIDA, ORDEM, ID_SGH_PRSINALVITAL_TBUNIDADEMEDIDA)
VALUES 	(6, 6, 1, NULL);
		
		
INSERT INTO MAIN.MONITORIZACAO_VALOR_REFERENCIA (ID_MONITORIZACAO_ITEM, ID_MONITORIZACAO_SEXO, IDADE_INICIAL, IDADE_FINAL,
												 RESULTADO_INICIAL, ID_MONITORIZACAO_UNIDADE_MEDIDA_INICIAL, RESULTADO_FINAL,
												 ID_MONITORIZACAO_UNIDADE_MEDIDA_FINAL, ID_MONITORIZACAO_TIPO_LANCAMENTO,
												 ID_MONITORIZACAO_TIPO_NOTIFICACAO, ID_SGH_PRFERIDADE)
VALUES (1, 'A', 0, 2388, 0, 19, 35.4, 19, 3, 1, null);	

INSERT INTO MAIN.MONITORIZACAO_VALOR_REFERENCIA (ID_MONITORIZACAO_ITEM, ID_MONITORIZACAO_SEXO, IDADE_INICIAL, IDADE_FINAL,
												 RESULTADO_INICIAL, ID_MONITORIZACAO_UNIDADE_MEDIDA_INICIAL, RESULTADO_FINAL,
												 ID_MONITORIZACAO_UNIDADE_MEDIDA_FINAL, ID_MONITORIZACAO_TIPO_LANCAMENTO,
												 ID_MONITORIZACAO_TIPO_NOTIFICACAO, ID_SGH_PRFERIDADE)
VALUES (1, 'A', 0, 2388, 35.5, 19, 37.4, 19, 1, 0, null);	

INSERT INTO MAIN.MONITORIZACAO_VALOR_REFERENCIA (ID_MONITORIZACAO_ITEM, ID_MONITORIZACAO_SEXO, IDADE_INICIAL, IDADE_FINAL,
												 RESULTADO_INICIAL, ID_MONITORIZACAO_UNIDADE_MEDIDA_INICIAL, RESULTADO_FINAL,
												 ID_MONITORIZACAO_UNIDADE_MEDIDA_FINAL, ID_MONITORIZACAO_TIPO_LANCAMENTO,
												 ID_MONITORIZACAO_TIPO_NOTIFICACAO, ID_SGH_PRFERIDADE)
VALUES (1, 'A', 0, 2388, 37.5, 19, 99, 19, 3, 1, null);		

INSERT INTO MAIN.MONITORIZACAO_VALOR_REFERENCIA (ID_MONITORIZACAO_ITEM, ID_MONITORIZACAO_SEXO, IDADE_INICIAL, IDADE_FINAL,
												 RESULTADO_INICIAL, ID_MONITORIZACAO_UNIDADE_MEDIDA_INICIAL, RESULTADO_FINAL,
												 ID_MONITORIZACAO_UNIDADE_MEDIDA_FINAL, ID_MONITORIZACAO_TIPO_LANCAMENTO,
												 ID_MONITORIZACAO_TIPO_NOTIFICACAO, ID_SGH_PRFERIDADE)
VALUES (2, 'A', 0, 2388, 0, 8, 49, 8, 3, 1, null);	

INSERT INTO MAIN.MONITORIZACAO_VALOR_REFERENCIA (ID_MONITORIZACAO_ITEM, ID_MONITORIZACAO_SEXO, IDADE_INICIAL, IDADE_FINAL,
												 RESULTADO_INICIAL, ID_MONITORIZACAO_UNIDADE_MEDIDA_INICIAL, RESULTADO_FINAL,
												 ID_MONITORIZACAO_UNIDADE_MEDIDA_FINAL, ID_MONITORIZACAO_TIPO_LANCAMENTO,
												 ID_MONITORIZACAO_TIPO_NOTIFICACAO, ID_SGH_PRFERIDADE)
VALUES (2, 'A', 0, 2388, 50, 8, 100, 8, 1, 0, null);	

INSERT INTO MAIN.MONITORIZACAO_VALOR_REFERENCIA (ID_MONITORIZACAO_ITEM, ID_MONITORIZACAO_SEXO, IDADE_INICIAL, IDADE_FINAL,
												 RESULTADO_INICIAL, ID_MONITORIZACAO_UNIDADE_MEDIDA_INICIAL, RESULTADO_FINAL,
												 ID_MONITORIZACAO_UNIDADE_MEDIDA_FINAL, ID_MONITORIZACAO_TIPO_LANCAMENTO,
												 ID_MONITORIZACAO_TIPO_NOTIFICACAO, ID_SGH_PRFERIDADE)
VALUES (2, 'A', 0, 2388, 101, 8, 199, 8, 3, 1, null);

INSERT INTO MAIN.MONITORIZACAO_VALOR_REFERENCIA (ID_MONITORIZACAO_ITEM, ID_MONITORIZACAO_SEXO, IDADE_INICIAL, IDADE_FINAL,
												 RESULTADO_INICIAL, ID_MONITORIZACAO_UNIDADE_MEDIDA_INICIAL, RESULTADO_FINAL,
												 ID_MONITORIZACAO_UNIDADE_MEDIDA_FINAL, ID_MONITORIZACAO_TIPO_LANCAMENTO,
												 ID_MONITORIZACAO_TIPO_NOTIFICACAO, ID_SGH_PRFERIDADE)
VALUES (3, 'A', 0, 2388, 0, 13, 11, 13, 3, 1, null);

INSERT INTO MAIN.MONITORIZACAO_VALOR_REFERENCIA (ID_MONITORIZACAO_ITEM, ID_MONITORIZACAO_SEXO, IDADE_INICIAL, IDADE_FINAL,
												 RESULTADO_INICIAL, ID_MONITORIZACAO_UNIDADE_MEDIDA_INICIAL, RESULTADO_FINAL,
												 ID_MONITORIZACAO_UNIDADE_MEDIDA_FINAL, ID_MONITORIZACAO_TIPO_LANCAMENTO,
												 ID_MONITORIZACAO_TIPO_NOTIFICACAO, ID_SGH_PRFERIDADE)
VALUES (3, 'A', 0, 2388, 12, 13, 20, 13, 1, 0, null);

INSERT INTO MAIN.MONITORIZACAO_VALOR_REFERENCIA (ID_MONITORIZACAO_ITEM, ID_MONITORIZACAO_SEXO, IDADE_INICIAL, IDADE_FINAL,
												 RESULTADO_INICIAL, ID_MONITORIZACAO_UNIDADE_MEDIDA_INICIAL, RESULTADO_FINAL,
												 ID_MONITORIZACAO_UNIDADE_MEDIDA_FINAL, ID_MONITORIZACAO_TIPO_LANCAMENTO,
												 ID_MONITORIZACAO_TIPO_NOTIFICACAO, ID_SGH_PRFERIDADE)
VALUES (3, 'A', 0, 2388, 21, 13, 99, 13, 3, 1, null);

INSERT INTO MAIN.MONITORIZACAO_VALOR_REFERENCIA (ID_MONITORIZACAO_ITEM, ID_MONITORIZACAO_SEXO, IDADE_INICIAL, IDADE_FINAL,
												 RESULTADO_INICIAL, ID_MONITORIZACAO_UNIDADE_MEDIDA_INICIAL, RESULTADO_FINAL,
												 ID_MONITORIZACAO_UNIDADE_MEDIDA_FINAL, ID_MONITORIZACAO_TIPO_LANCAMENTO,
												 ID_MONITORIZACAO_TIPO_NOTIFICACAO, ID_SGH_PRFERIDADE)
VALUES (4, 'A', 0, 2388, 0, 18, 79, 18, 3, 1, null);

INSERT INTO MAIN.MONITORIZACAO_VALOR_REFERENCIA (ID_MONITORIZACAO_ITEM, ID_MONITORIZACAO_SEXO, IDADE_INICIAL, IDADE_FINAL,
												 RESULTADO_INICIAL, ID_MONITORIZACAO_UNIDADE_MEDIDA_INICIAL, RESULTADO_FINAL,
												 ID_MONITORIZACAO_UNIDADE_MEDIDA_FINAL, ID_MONITORIZACAO_TIPO_LANCAMENTO,
												 ID_MONITORIZACAO_TIPO_NOTIFICACAO, ID_SGH_PRFERIDADE)
VALUES (4, 'A', 0, 2388, 80, 18, 139, 18, 1, 0, null);

INSERT INTO MAIN.MONITORIZACAO_VALOR_REFERENCIA (ID_MONITORIZACAO_ITEM, ID_MONITORIZACAO_SEXO, IDADE_INICIAL, IDADE_FINAL,
												 RESULTADO_INICIAL, ID_MONITORIZACAO_UNIDADE_MEDIDA_INICIAL, RESULTADO_FINAL,
												 ID_MONITORIZACAO_UNIDADE_MEDIDA_FINAL, ID_MONITORIZACAO_TIPO_LANCAMENTO,
												 ID_MONITORIZACAO_TIPO_NOTIFICACAO, ID_SGH_PRFERIDADE)
VALUES (4, 'A', 0, 2388, 140, 18, 199, 18, 3, 1, null);

INSERT INTO MAIN.MONITORIZACAO_VALOR_REFERENCIA (ID_MONITORIZACAO_ITEM, ID_MONITORIZACAO_SEXO, IDADE_INICIAL, IDADE_FINAL,
												 RESULTADO_INICIAL, ID_MONITORIZACAO_UNIDADE_MEDIDA_INICIAL, RESULTADO_FINAL,
												 ID_MONITORIZACAO_UNIDADE_MEDIDA_FINAL, ID_MONITORIZACAO_TIPO_LANCAMENTO,
												 ID_MONITORIZACAO_TIPO_NOTIFICACAO, ID_SGH_PRFERIDADE)
VALUES (5, 'A', 0, 2388, 0, 18, 39, 18, 3, 1, null);

INSERT INTO MAIN.MONITORIZACAO_VALOR_REFERENCIA (ID_MONITORIZACAO_ITEM, ID_MONITORIZACAO_SEXO, IDADE_INICIAL, IDADE_FINAL,
												 RESULTADO_INICIAL, ID_MONITORIZACAO_UNIDADE_MEDIDA_INICIAL, RESULTADO_FINAL,
												 ID_MONITORIZACAO_UNIDADE_MEDIDA_FINAL, ID_MONITORIZACAO_TIPO_LANCAMENTO,
												 ID_MONITORIZACAO_TIPO_NOTIFICACAO, ID_SGH_PRFERIDADE)
VALUES (5, 'A', 0, 2388, 40, 18, 89, 18, 1, 0, null);

INSERT INTO MAIN.MONITORIZACAO_VALOR_REFERENCIA (ID_MONITORIZACAO_ITEM, ID_MONITORIZACAO_SEXO, IDADE_INICIAL, IDADE_FINAL,
												 RESULTADO_INICIAL, ID_MONITORIZACAO_UNIDADE_MEDIDA_INICIAL, RESULTADO_FINAL,
												 ID_MONITORIZACAO_UNIDADE_MEDIDA_FINAL, ID_MONITORIZACAO_TIPO_LANCAMENTO,
												 ID_MONITORIZACAO_TIPO_NOTIFICACAO, ID_SGH_PRFERIDADE)
VALUES (5, 'A', 0, 2388, 90, 18, 199, 18, 3, 1, null);

INSERT INTO MAIN.MONITORIZACAO_VALOR_REFERENCIA (ID_MONITORIZACAO_ITEM, ID_MONITORIZACAO_SEXO, IDADE_INICIAL, IDADE_FINAL,
												 RESULTADO_INICIAL, ID_MONITORIZACAO_UNIDADE_MEDIDA_INICIAL, RESULTADO_FINAL,
												 ID_MONITORIZACAO_UNIDADE_MEDIDA_FINAL, ID_MONITORIZACAO_TIPO_LANCAMENTO,
												 ID_MONITORIZACAO_TIPO_NOTIFICACAO, ID_SGH_PRFERIDADE)
VALUES (6, 'A', 0, 2388, 0, 6, 89, 6, 3, 1, null);

INSERT INTO MAIN.MONITORIZACAO_VALOR_REFERENCIA (ID_MONITORIZACAO_ITEM, ID_MONITORIZACAO_SEXO, IDADE_INICIAL, IDADE_FINAL,
												 RESULTADO_INICIAL, ID_MONITORIZACAO_UNIDADE_MEDIDA_INICIAL, RESULTADO_FINAL,
												 ID_MONITORIZACAO_UNIDADE_MEDIDA_FINAL, ID_MONITORIZACAO_TIPO_LANCAMENTO,
												 ID_MONITORIZACAO_TIPO_NOTIFICACAO, ID_SGH_PRFERIDADE)
VALUES (6, 'A', 0, 2388, 90, 6, 100, 6, 1, 0, null);

INSERT INTO MAIN.MONITORIZACAO_VALOR_REFERENCIA (ID_MONITORIZACAO_ITEM, ID_MONITORIZACAO_SEXO, IDADE_INICIAL, IDADE_FINAL,
												 RESULTADO_INICIAL, ID_MONITORIZACAO_UNIDADE_MEDIDA_INICIAL, RESULTADO_FINAL,
												 ID_MONITORIZACAO_UNIDADE_MEDIDA_FINAL, ID_MONITORIZACAO_TIPO_LANCAMENTO,
												 ID_MONITORIZACAO_TIPO_NOTIFICACAO, ID_SGH_PRFERIDADE)
VALUES (6, 'A', 0, 2388, 101, 6, 199, 6, 3, 1, null);

INSERT INTO MAIN.MONITORIZACAO_CABECALHO 
(ID_SUBTENANT, ID_IDENTITY_HTPACIENTE, ID_ACOLHIMENTO_ATENDIMENTO, ID_IDENTITY_PROFISSIONAL_CBO_PRESCRITOR, DATA_HORA_EVENTO_UTC_FUSO)
VALUES (1007, 1, 1, 1, '2022/05/11 10:46-03'); 

INSERT INTO MAIN.MONITORIZACAO_CABECALHO 
(ID_SUBTENANT, ID_IDENTITY_HTPACIENTE, ID_ACOLHIMENTO_ATENDIMENTO, ID_IDENTITY_PROFISSIONAL_CBO_PRESCRITOR, DATA_HORA_EVENTO_UTC_FUSO)
VALUES (1007, 1, 1, 1, '2022/05/11 12:00-03'); 

INSERT INTO MAIN.MONITORIZACAO_CABECALHO 
(ID_SUBTENANT, ID_IDENTITY_HTPACIENTE, ID_ACOLHIMENTO_ATENDIMENTO, ID_IDENTITY_PROFISSIONAL_CBO_PRESCRITOR, DATA_HORA_EVENTO_UTC_FUSO)
VALUES (1007, 1, 1, 1, '2022/05/11 13:00-03'); 

INSERT INTO MAIN.MONITORIZACAO_CABECALHO 
(ID_SUBTENANT, ID_IDENTITY_HTPACIENTE, ID_ACOLHIMENTO_ATENDIMENTO, ID_IDENTITY_PROFISSIONAL_CBO_PRESCRITOR, DATA_HORA_EVENTO_UTC_FUSO)
VALUES (1007, 1, 1, 1, '2022/05/11 14:00-03'); 


INSERT INTO MAIN.MONITORIZACAO_LANCAMENTO
(ID_MONITORIZACAO_CABECALHO, ID_MONITORIZACAO_ITEM, RESULTADO, ID_MONITORIZACAO_UNIDADE_MEDIDA, ID_MONITORIZACAO_TIPO_LANCAMENTO, ID_MONITORIZACAO_TIPO_NOTIFICACAO, ID_SGH_PRLANC_MONITORIZACAO)
VALUES (1, 1, 38.5, 19, 1, 1 , NULL);

INSERT INTO MAIN.MONITORIZACAO_LANCAMENTO
(ID_MONITORIZACAO_CABECALHO, ID_MONITORIZACAO_ITEM, RESULTADO, ID_MONITORIZACAO_UNIDADE_MEDIDA, ID_MONITORIZACAO_TIPO_LANCAMENTO, ID_MONITORIZACAO_TIPO_NOTIFICACAO, ID_SGH_PRLANC_MONITORIZACAO)
VALUES (1, 2, 90, 8, 1, 1 , NULL);

INSERT INTO MAIN.MONITORIZACAO_LANCAMENTO
(ID_MONITORIZACAO_CABECALHO, ID_MONITORIZACAO_ITEM, RESULTADO, ID_MONITORIZACAO_UNIDADE_MEDIDA, ID_MONITORIZACAO_TIPO_LANCAMENTO, ID_MONITORIZACAO_TIPO_NOTIFICACAO, ID_SGH_PRLANC_MONITORIZACAO)
VALUES (1, 3, 15, 13, 1, 1 , NULL);

INSERT INTO MAIN.MONITORIZACAO_LANCAMENTO
(ID_MONITORIZACAO_CABECALHO, ID_MONITORIZACAO_ITEM, RESULTADO, ID_MONITORIZACAO_UNIDADE_MEDIDA, ID_MONITORIZACAO_TIPO_LANCAMENTO, ID_MONITORIZACAO_TIPO_NOTIFICACAO, ID_SGH_PRLANC_MONITORIZACAO)
VALUES (1, 4, 80, 18, 1, 1 , NULL);

INSERT INTO MAIN.MONITORIZACAO_LANCAMENTO
(ID_MONITORIZACAO_CABECALHO, ID_MONITORIZACAO_ITEM, RESULTADO, ID_MONITORIZACAO_UNIDADE_MEDIDA, ID_MONITORIZACAO_TIPO_LANCAMENTO, ID_MONITORIZACAO_TIPO_NOTIFICACAO, ID_SGH_PRLANC_MONITORIZACAO)
VALUES (1, 5, 45, 18, 1, 1 , NULL);

INSERT INTO MAIN.MONITORIZACAO_LANCAMENTO
(ID_MONITORIZACAO_CABECALHO, ID_MONITORIZACAO_ITEM, RESULTADO, ID_MONITORIZACAO_UNIDADE_MEDIDA, ID_MONITORIZACAO_TIPO_LANCAMENTO, ID_MONITORIZACAO_TIPO_NOTIFICACAO, ID_SGH_PRLANC_MONITORIZACAO)
VALUES (1, 6, 95, 6, 1, 1 , NULL);

INSERT INTO MAIN.MONITORIZACAO_LANCAMENTO
(ID_MONITORIZACAO_CABECALHO, ID_MONITORIZACAO_ITEM, RESULTADO, ID_MONITORIZACAO_UNIDADE_MEDIDA, ID_MONITORIZACAO_TIPO_LANCAMENTO, ID_MONITORIZACAO_TIPO_NOTIFICACAO, ID_SGH_PRLANC_MONITORIZACAO)
VALUES (2, 1, 39, 19, 1, 1 , NULL);

INSERT INTO MAIN.MONITORIZACAO_LANCAMENTO
(ID_MONITORIZACAO_CABECALHO, ID_MONITORIZACAO_ITEM, RESULTADO, ID_MONITORIZACAO_UNIDADE_MEDIDA, ID_MONITORIZACAO_TIPO_LANCAMENTO, ID_MONITORIZACAO_TIPO_NOTIFICACAO, ID_SGH_PRLANC_MONITORIZACAO)
VALUES (2, 2, 60, 8, 1, 1 , NULL);

INSERT INTO MAIN.MONITORIZACAO_LANCAMENTO
(ID_MONITORIZACAO_CABECALHO, ID_MONITORIZACAO_ITEM, RESULTADO, ID_MONITORIZACAO_UNIDADE_MEDIDA, ID_MONITORIZACAO_TIPO_LANCAMENTO, ID_MONITORIZACAO_TIPO_NOTIFICACAO, ID_SGH_PRLANC_MONITORIZACAO)
VALUES (2, 3, 30, 13, 1, 1 , NULL);

INSERT INTO MAIN.MONITORIZACAO_LANCAMENTO
(ID_MONITORIZACAO_CABECALHO, ID_MONITORIZACAO_ITEM, RESULTADO, ID_MONITORIZACAO_UNIDADE_MEDIDA, ID_MONITORIZACAO_TIPO_LANCAMENTO, ID_MONITORIZACAO_TIPO_NOTIFICACAO, ID_SGH_PRLANC_MONITORIZACAO)
VALUES (2, 4, 120, 18, 1, 1 , NULL);

INSERT INTO MAIN.MONITORIZACAO_LANCAMENTO
(ID_MONITORIZACAO_CABECALHO, ID_MONITORIZACAO_ITEM, RESULTADO, ID_MONITORIZACAO_UNIDADE_MEDIDA, ID_MONITORIZACAO_TIPO_LANCAMENTO, ID_MONITORIZACAO_TIPO_NOTIFICACAO, ID_SGH_PRLANC_MONITORIZACAO)
VALUES (2, 5, 80, 18, 1, 1 , NULL);

INSERT INTO MAIN.MONITORIZACAO_LANCAMENTO
(ID_MONITORIZACAO_CABECALHO, ID_MONITORIZACAO_ITEM, RESULTADO, ID_MONITORIZACAO_UNIDADE_MEDIDA, ID_MONITORIZACAO_TIPO_LANCAMENTO, ID_MONITORIZACAO_TIPO_NOTIFICACAO, ID_SGH_PRLANC_MONITORIZACAO)
VALUES (2, 6, 95, 6, 1, 1 , NULL);

INSERT INTO MAIN.MONITORIZACAO_LANCAMENTO
(ID_MONITORIZACAO_CABECALHO, ID_MONITORIZACAO_ITEM, RESULTADO, ID_MONITORIZACAO_UNIDADE_MEDIDA, ID_MONITORIZACAO_TIPO_LANCAMENTO, ID_MONITORIZACAO_TIPO_NOTIFICACAO, ID_SGH_PRLANC_MONITORIZACAO)
VALUES (3, 1, 37.2, 19, 1, 1 , NULL);

INSERT INTO MAIN.MONITORIZACAO_LANCAMENTO
(ID_MONITORIZACAO_CABECALHO, ID_MONITORIZACAO_ITEM, RESULTADO, ID_MONITORIZACAO_UNIDADE_MEDIDA, ID_MONITORIZACAO_TIPO_LANCAMENTO, ID_MONITORIZACAO_TIPO_NOTIFICACAO, ID_SGH_PRLANC_MONITORIZACAO)
VALUES (3, 2, 82, 8, 1, 1 , NULL);

INSERT INTO MAIN.MONITORIZACAO_LANCAMENTO
(ID_MONITORIZACAO_CABECALHO, ID_MONITORIZACAO_ITEM, RESULTADO, ID_MONITORIZACAO_UNIDADE_MEDIDA, ID_MONITORIZACAO_TIPO_LANCAMENTO, ID_MONITORIZACAO_TIPO_NOTIFICACAO, ID_SGH_PRLANC_MONITORIZACAO)
VALUES (3, 3, 24, 13, 1, 1 , NULL);

INSERT INTO MAIN.MONITORIZACAO_LANCAMENTO
(ID_MONITORIZACAO_CABECALHO, ID_MONITORIZACAO_ITEM, RESULTADO, ID_MONITORIZACAO_UNIDADE_MEDIDA, ID_MONITORIZACAO_TIPO_LANCAMENTO, ID_MONITORIZACAO_TIPO_NOTIFICACAO, ID_SGH_PRLANC_MONITORIZACAO)
VALUES (3, 4, 110, 18, 1, 1 , NULL);

INSERT INTO MAIN.MONITORIZACAO_LANCAMENTO
(ID_MONITORIZACAO_CABECALHO, ID_MONITORIZACAO_ITEM, RESULTADO, ID_MONITORIZACAO_UNIDADE_MEDIDA, ID_MONITORIZACAO_TIPO_LANCAMENTO, ID_MONITORIZACAO_TIPO_NOTIFICACAO, ID_SGH_PRLANC_MONITORIZACAO)
VALUES (3, 5, 90, 18, 1, 1 , NULL);

INSERT INTO MAIN.MONITORIZACAO_LANCAMENTO
(ID_MONITORIZACAO_CABECALHO, ID_MONITORIZACAO_ITEM, RESULTADO, ID_MONITORIZACAO_UNIDADE_MEDIDA, ID_MONITORIZACAO_TIPO_LANCAMENTO, ID_MONITORIZACAO_TIPO_NOTIFICACAO, ID_SGH_PRLANC_MONITORIZACAO)
VALUES (3, 6, 90, 6, 1, 1 , NULL);

INSERT INTO MAIN.MONITORIZACAO_LANCAMENTO
(ID_MONITORIZACAO_CABECALHO, ID_MONITORIZACAO_ITEM, RESULTADO, ID_MONITORIZACAO_UNIDADE_MEDIDA, ID_MONITORIZACAO_TIPO_LANCAMENTO, ID_MONITORIZACAO_TIPO_NOTIFICACAO, ID_SGH_PRLANC_MONITORIZACAO)
VALUES (4, 1, 36.5, 19, 1, 1 , NULL);

INSERT INTO MAIN.MONITORIZACAO_LANCAMENTO
(ID_MONITORIZACAO_CABECALHO, ID_MONITORIZACAO_ITEM, RESULTADO, ID_MONITORIZACAO_UNIDADE_MEDIDA, ID_MONITORIZACAO_TIPO_LANCAMENTO, ID_MONITORIZACAO_TIPO_NOTIFICACAO, ID_SGH_PRLANC_MONITORIZACAO)
VALUES (4, 2, 90, 8, 1, 1 , NULL);

INSERT INTO MAIN.MONITORIZACAO_LANCAMENTO
(ID_MONITORIZACAO_CABECALHO, ID_MONITORIZACAO_ITEM, RESULTADO, ID_MONITORIZACAO_UNIDADE_MEDIDA, ID_MONITORIZACAO_TIPO_LANCAMENTO, ID_MONITORIZACAO_TIPO_NOTIFICACAO, ID_SGH_PRLANC_MONITORIZACAO)
VALUES (4, 3, 22, 13, 1, 1 , NULL);

INSERT INTO MAIN.MONITORIZACAO_LANCAMENTO
(ID_MONITORIZACAO_CABECALHO, ID_MONITORIZACAO_ITEM, RESULTADO, ID_MONITORIZACAO_UNIDADE_MEDIDA, ID_MONITORIZACAO_TIPO_LANCAMENTO, ID_MONITORIZACAO_TIPO_NOTIFICACAO, ID_SGH_PRLANC_MONITORIZACAO)
VALUES (4, 4, 100, 18, 1, 1 , NULL);

INSERT INTO MAIN.MONITORIZACAO_LANCAMENTO
(ID_MONITORIZACAO_CABECALHO, ID_MONITORIZACAO_ITEM, RESULTADO, ID_MONITORIZACAO_UNIDADE_MEDIDA, ID_MONITORIZACAO_TIPO_LANCAMENTO, ID_MONITORIZACAO_TIPO_NOTIFICACAO, ID_SGH_PRLANC_MONITORIZACAO)
VALUES (4, 5, 95, 18, 1, 1 , NULL);

INSERT INTO MAIN.MONITORIZACAO_LANCAMENTO
(ID_MONITORIZACAO_CABECALHO, ID_MONITORIZACAO_ITEM, RESULTADO, ID_MONITORIZACAO_UNIDADE_MEDIDA, ID_MONITORIZACAO_TIPO_LANCAMENTO, ID_MONITORIZACAO_TIPO_NOTIFICACAO, ID_SGH_PRLANC_MONITORIZACAO)
VALUES (4, 6, 92, 6, 1, 1 , NULL);
