INSERT INTO MAIN.IDENTITY_PESSOA (ID_SUBTENANT, NOME, DATA_NASCIMENTO, CPF, E_MAIL, SGH_ID_TBUSERS, SGH_ID_RICADPAC, SGH_ID_TBCBOPRO)
VALUES (1007, 'MEDICO PSEUDOANONIMIZADO LEI 13709', '01/01/1990', 4665051917, 'spdata@spdata.com.br', 1565, null, 4502); 

INSERT INTO MAIN.IDENTITY_PESSOA (ID_SUBTENANT, NOME, DATA_NASCIMENTO, CPF, E_MAIL, SGH_ID_TBUSERS, SGH_ID_RICADPAC, SGH_ID_TBCBOPRO)
VALUES (1007, 'PACIENTE ID 107 PSEUDOANONIMIZADO LEI 13709/18', '1983/01/28', 05852724688, 'spdata@spdata.com.br', null, null, null); 

INSERT INTO MAIN.IDENTITY_PACIENTE (ID_SUBTENANT, ID_IDENTITY_PESSOA, NRO_PRONTUARIO, CNS, ID_IDENTITY_SEXO,SGH_ID_RICADPAC)
VALUES (1007, 2, 8547954, 154190014550002,'M',335498);

INSERT INTO MAIN.IDENTITY_HTPACIENTE (DATA_HORA_HISTORICO, ID_IDENTITY_PACIENTE, NRO_PRONTUARIO, NOME, DATA_NASCIMENTO, CPF, E_MAIL, CNS, ID_IDENTITY_SEXO, sgh_id_htpaciente)
VALUES ('2021/07/30 18:44:47-03', 1, 8547954, 'PACIENTE ID 107 PSEUDOANONIMIZADO LEI 13709/18', '1983/01/28', 05852724688, 'spdata@spdata.com.br',154190014550002,'M',575875);

INSERT INTO MAIN.IDENTITY_PROFISSIONAL_CBO (ID_SUBTENANT, ID_IDENTITY_PESSOA, CONSELHO_PROFISSIONAL, NRO_CONSELHO, SGH_ID_TBCBOPRO)
VALUES (1007, 1, 'CRM', 73942, 4502);

INSERT INTO MAIN.ACOLHIMENTO_LOCALASSISTENCIA (ID_SUBTENANT, NOME, SGH_ID_PRLOCAL_ASSISTENCIA)
VALUES (1007, 'AMBULANCIA', 4);

INSERT INTO MAIN.ACOLHIMENTO_LOCALASSISTENCIA (ID_SUBTENANT, NOME, SGH_ID_PRLOCAL_ASSISTENCIA)
VALUES (1007, 'AMBULATORIO', 3);

INSERT INTO MAIN.ACOLHIMENTO_ATENDIMENTO (ID_SUBTENANT, ID_IDENTITY_PACIENTE, NRO_REGISTRO_ATENDIMENTO, TIPO_ATENDIMENTO, DATA_HORA_ATENDIMENTO_UTC_FUSO, NOME_CONVENIO, NOME_BLOCO, NOME_ACOMODACAO, CODIGO_LEITO, SGH_ID_ATCABECATEND)
VALUES (1007, 1, 1690763, 'E', '2022/05/05 08:41-03', 'CONVENIO ID 621 PSEUDOANONIMIZADO CONFORME LEI 13709/18', NULL, NULL, NULL, 1780936);

INSERT INTO MAIN.ACOLHIMENTO_HTATENDIMENTO(ID_ACOLHIMENTO_ATENDIMENTO, DATA_HORA_HISTORICO, REGISTRO_ATENDIMENTO, TIPO_ATENDIMENTO, DATA_HORA_ATENDIMENTO_UTC_FUSO, NOME_CONVENIO, NOME_BLOCO, NOME_ACOMODACAO, CODIGO_LEITO, SGH_ID_HTATENDIMENTO)
VALUES (1, '2022/05/05 08:42-03', 1690763, 'E', '2022/05/05 08:41-03', 'CONVENIO ID 621 PSEUDOANONIMIZADO CONFORME LEI 13709/18', NULL, NULL, NULL, 3546350);

INSERT INTO MAIN.ESTOQUE_ITEM (ID_SUBTENANT, NOME, ID_ESTOQUE_TIPO_ITEM, SGH_ID_GEITENS, SGH_ID_PRITEMNAOPAD, SGH_ID_GENOMCOM) 
VALUES (1007, 'DIPIRONA SODICA 500MG/ML  AMP 2 ML', 1, 4, null, null);

INSERT INTO MAIN.ESTOQUE_ITEM (ID_SUBTENANT, NOME, ID_ESTOQUE_TIPO_ITEM, SGH_ID_GEITENS, SGH_ID_PRITEMNAOPAD, SGH_ID_GENOMCOM) 
VALUES (1007, 'PROPRANOLOL 40MG COMP', 1, 62, null, null);
	
INSERT INTO MAIN.ESTOQUE_ITEM (ID_SUBTENANT, NOME, ID_ESTOQUE_TIPO_ITEM, SGH_ID_GEITENS, SGH_ID_PRITEMNAOPAD, SGH_ID_GENOMCOM) 
VALUES (1007, 'ACETILCISTEINA 100MG/ML AMP 3ML', 1, 150, null, null);

INSERT INTO MAIN.ESTOQUE_ITEM (ID_SUBTENANT, NOME, ID_ESTOQUE_TIPO_ITEM, SGH_ID_GEITENS, SGH_ID_PRITEMNAOPAD, SGH_ID_GENOMCOM) 
VALUES (1007, 'ANASTROZOL 1MG COMP', 1, 347, null, null);

INSERT INTO MAIN.ESTOQUE_ITEM (ID_SUBTENANT, NOME, ID_ESTOQUE_TIPO_ITEM, SGH_ID_GEITENS, SGH_ID_PRITEMNAOPAD, SGH_ID_GENOMCOM) 
VALUES (1007, 'ATENOLOL 25 MG COMP', 1, 1443, null, null);

INSERT INTO MAIN.ESTOQUE_ITEM (ID_SUBTENANT, NOME, ID_ESTOQUE_TIPO_ITEM, SGH_ID_GEITENS, SGH_ID_PRITEMNAOPAD, SGH_ID_GENOMCOM) 
VALUES (1007, 'POVIDONA 2,5% COLIRIO 5ML (PVPI)', 1, 2522, null, null);

INSERT INTO MAIN.PRESCRICAO_VIA_ACESSO (COD, NOME, SGH_ID_GETABVIA)
VALUES ('EV', 'Endovenosa', 1);

INSERT INTO MAIN.PRESCRICAO_VIA_ACESSO (COD, NOME, SGH_ID_GETABVIA)
VALUES ('VO', 'Via oral', 05);

INSERT INTO MAIN.PRESCRICAO_VIA_ACESSO (COD, NOME, SGH_ID_GETABVIA) 
VALUES ('EV Central', 'Endovenosa Central', 30);

INSERT INTO MAIN.PRESCRICAO_UNIDADE (COD, NOME, SGH_ID_TBUNICON)
VALUES ('AMP', 'Ampola', 'AMP');

INSERT INTO MAIN.PRESCRICAO_UNIDADE (COD, NOME, SGH_ID_TBUNICON)
VALUES ('CMP', 'Comprimido', 'CMP');

INSERT INTO MAIN.PRESCRICAO_UNIDADE (COD, NOME, SGH_ID_TBUNICON)
VALUES ('GOTAS', 'Gotas', 'GOTAS');

INSERT INTO MAIN.PRESCRICAO (ID_SUBTENANT, ID_IDENTITY_HTPACIENTE, ID_ACOLHIMENTO_HTATENDIMENTO, DATA_HORA_VIGENCIA_INICIAL_UTC_FUSO, DATA_HORA_VIGENCIA_FINAL_UTC_FUSO, SGH_ID_PRPRESC)
VALUES (1007, 1, 1, '2022/05/10 14:01-03', '2022/05/11 15:01-03', 345593);

INSERT INTO MAIN.PRESCRICAO_LANCAMENTO (ID_PRESCRICAO, ID_PRESCRICAO_TIPO_LANCAMENTO, ID_ACOLHIMENTO_LOCALASSISTENCIA, SGH_ID_PRLANGERAL)
VALUES (1, 6, 2, NULL);

INSERT INTO MAIN.PRESCRICAO_LANCAMENTO (ID_PRESCRICAO, ID_PRESCRICAO_TIPO_LANCAMENTO, ID_ACOLHIMENTO_LOCALASSISTENCIA, SGH_ID_PRLANGERAL)
VALUES (1, 6, 2, NULL);

INSERT INTO MAIN.PRESCRICAO_LANCAMENTO (ID_PRESCRICAO, ID_PRESCRICAO_TIPO_LANCAMENTO, ID_ACOLHIMENTO_LOCALASSISTENCIA, SGH_ID_PRLANGERAL)
VALUES (1, 6, 2, NULL);

INSERT INTO MAIN.PRESCRICAO_LANCAMENTO (ID_PRESCRICAO, ID_PRESCRICAO_TIPO_LANCAMENTO, ID_ACOLHIMENTO_LOCALASSISTENCIA, SGH_ID_PRLANGERAL)
VALUES (1, 6, 2, NULL);

INSERT INTO MAIN.PRESCRICAO_LANCAMENTO (ID_PRESCRICAO, ID_PRESCRICAO_TIPO_LANCAMENTO, ID_ACOLHIMENTO_LOCALASSISTENCIA, SGH_ID_PRLANGERAL)
VALUES (1, 6, 2, NULL);

INSERT INTO MAIN.PRESCRICAO_LANCAMENTO (ID_PRESCRICAO, ID_PRESCRICAO_TIPO_LANCAMENTO, ID_ACOLHIMENTO_LOCALASSISTENCIA, SGH_ID_PRLANGERAL)
VALUES (1, 6, 2, NULL);

INSERT INTO MAIN.PRESCRICAO_MEDICAMENTO (ID_PRESCRICAO_LANCAMENTO, ID_IDENTITY_PROFISSIONAL_CBO_PRESCRITOR, ID_ESTOQUE_ITEM, ID_PRESCRICAO_FREQUENCIA, ID_PRESCRICAO_VIA_ACESSO, 
										 QUANTIDADE_DOSE_PRESCRITA, NUMERO_DOSES, ID_PRESCRICAO_UNIDADE, INICIAR_ADMINISTRACAO_AGORA, AJUSTAR_DOSES_SUBSEQ_CONF_HORA_INICIO, 
										 TEMPO_INFUSAO, ID_ACOLHIMENTO_LOCALASSISTENCIA, SGH_ID_PRPRESCMED)
VALUES (1, 1, 1, 1, 1, 1, 1, 1, 'F', 'F', '02:00', 2, 1988605);

INSERT INTO MAIN.PRESCRICAO_MEDICAMENTO (ID_PRESCRICAO_LANCAMENTO, ID_IDENTITY_PROFISSIONAL_CBO_PRESCRITOR, ID_ESTOQUE_ITEM, ID_PRESCRICAO_FREQUENCIA, ID_PRESCRICAO_VIA_ACESSO, 
										 QUANTIDADE_DOSE_PRESCRITA, NUMERO_DOSES, ID_PRESCRICAO_UNIDADE, INICIAR_ADMINISTRACAO_AGORA, AJUSTAR_DOSES_SUBSEQ_CONF_HORA_INICIO, 
										 TEMPO_INFUSAO, ID_ACOLHIMENTO_LOCALASSISTENCIA, SGH_ID_PRPRESCMED)
VALUES (2, 1, 4, 5, 2, 1, 1, 2, 'F', 'F', null, 2, 1988606);

INSERT INTO MAIN.PRESCRICAO_MEDICAMENTO (ID_PRESCRICAO_LANCAMENTO, ID_IDENTITY_PROFISSIONAL_CBO_PRESCRITOR, ID_ESTOQUE_ITEM, ID_PRESCRICAO_FREQUENCIA, ID_PRESCRICAO_VIA_ACESSO, 
										 QUANTIDADE_DOSE_PRESCRITA, NUMERO_DOSES, ID_PRESCRICAO_UNIDADE, INICIAR_ADMINISTRACAO_AGORA, AJUSTAR_DOSES_SUBSEQ_CONF_HORA_INICIO, 
										 TEMPO_INFUSAO, ID_ACOLHIMENTO_LOCALASSISTENCIA, SGH_ID_PRPRESCMED)
VALUES (3, 1, 5, 5, 2, 1, 1, 2, 'F', 'F', null, 2, 1988607);

INSERT INTO MAIN.PRESCRICAO_MEDICAMENTO (ID_PRESCRICAO_LANCAMENTO, ID_IDENTITY_PROFISSIONAL_CBO_PRESCRITOR, ID_ESTOQUE_ITEM, ID_PRESCRICAO_FREQUENCIA, ID_PRESCRICAO_VIA_ACESSO, 
										 QUANTIDADE_DOSE_PRESCRITA, NUMERO_DOSES, ID_PRESCRICAO_UNIDADE, INICIAR_ADMINISTRACAO_AGORA, AJUSTAR_DOSES_SUBSEQ_CONF_HORA_INICIO, 
										 TEMPO_INFUSAO, ID_ACOLHIMENTO_LOCALASSISTENCIA, SGH_ID_PRPRESCMED)
VALUES (4, 1, 3, 11, 1, 1, 1, 1, 'F', 'F', null, 2, 1988608);

INSERT INTO MAIN.PRESCRICAO_MEDICAMENTO (ID_PRESCRICAO_LANCAMENTO, ID_IDENTITY_PROFISSIONAL_CBO_PRESCRITOR, ID_ESTOQUE_ITEM, ID_PRESCRICAO_FREQUENCIA, ID_PRESCRICAO_VIA_ACESSO, 
										 QUANTIDADE_DOSE_PRESCRITA, NUMERO_DOSES, ID_PRESCRICAO_UNIDADE, INICIAR_ADMINISTRACAO_AGORA, AJUSTAR_DOSES_SUBSEQ_CONF_HORA_INICIO, 
										 TEMPO_INFUSAO, ID_ACOLHIMENTO_LOCALASSISTENCIA, SGH_ID_PRPRESCMED)
VALUES (5, 1, 6, 13, 3, 3, 6, 3, 'F', 'F', null, 2, 1988609);

INSERT INTO MAIN.PRESCRICAO_MEDICAMENTO (ID_PRESCRICAO_LANCAMENTO, ID_IDENTITY_PROFISSIONAL_CBO_PRESCRITOR, ID_ESTOQUE_ITEM, ID_PRESCRICAO_FREQUENCIA, ID_PRESCRICAO_VIA_ACESSO, 
										 QUANTIDADE_DOSE_PRESCRITA, NUMERO_DOSES, ID_PRESCRICAO_UNIDADE, INICIAR_ADMINISTRACAO_AGORA, AJUSTAR_DOSES_SUBSEQ_CONF_HORA_INICIO, 
										 TEMPO_INFUSAO, ID_ACOLHIMENTO_LOCALASSISTENCIA, SGH_ID_PRPRESCMED)
VALUES (6, 1, 2, 9, 2, 1, 3, 2, 'F', 'F', null, 2, 1988610);

INSERT INTO MAIN.PRESCRICAO_MEDICAMENTO_SENECESSARIO (ID_PRESCRICAO_SENECESSARIO, ID_PRESCRICAO_MEDICAMENTO, SGH_ID_PRSENECESSARIO, SGH_ID_PRPRESCMED)
VALUES (1, 4, NULL, NULL);

INSERT INTO MAIN.PRESCRICAO_MEDICAMENTO_SENECESSARIO (ID_PRESCRICAO_SENECESSARIO, ID_PRESCRICAO_MEDICAMENTO, SGH_ID_PRSENECESSARIO, SGH_ID_PRPRESCMED)
VALUES (2, 4, NULL, NULL);

INSERT INTO MAIN.CHECAGEM_HORAPREVISTA (ID_SUBTENANT, ID_PRESCRICAO_LANCAMENTO, DATA_HORA_PREVISTA_CHECAGEM_UTC_FUSO,
										TEMPO_TOLERANCIA, SGH_ID_PRCHKGERAL) 
VALUES (1007, 2, '2022/05/10 18:00-03', '02:00', 11812965);

INSERT INTO MAIN.CHECAGEM_HORAPREVISTA (ID_SUBTENANT, ID_PRESCRICAO_LANCAMENTO, DATA_HORA_PREVISTA_CHECAGEM_UTC_FUSO,
										TEMPO_TOLERANCIA, SGH_ID_PRCHKGERAL) 
VALUES (1007, 2, '2022/05/11 06:00-03', '02:00', 11812966);

INSERT INTO MAIN.CHECAGEM_HORAPREVISTA (ID_SUBTENANT, ID_PRESCRICAO_LANCAMENTO, DATA_HORA_PREVISTA_CHECAGEM_UTC_FUSO,
										TEMPO_TOLERANCIA, SGH_ID_PRCHKGERAL) 
VALUES (1007, 3, '2022/05/10 18:00-03', '02:00', 11812967);

INSERT INTO MAIN.CHECAGEM_HORAPREVISTA (ID_SUBTENANT, ID_PRESCRICAO_LANCAMENTO, DATA_HORA_PREVISTA_CHECAGEM_UTC_FUSO,
										TEMPO_TOLERANCIA, SGH_ID_PRCHKGERAL) 
VALUES (1007, 3, '2022/05/11 06:00-03', '02:00', 11812968);

INSERT INTO MAIN.CHECAGEM_HORAPREVISTA (ID_SUBTENANT, ID_PRESCRICAO_LANCAMENTO, DATA_HORA_PREVISTA_CHECAGEM_UTC_FUSO,
										TEMPO_TOLERANCIA, SGH_ID_PRCHKGERAL) 
VALUES (1007, 5, '2022/05/10 16:00-03', '02:00', 11812970);

INSERT INTO MAIN.CHECAGEM_HORAPREVISTA (ID_SUBTENANT, ID_PRESCRICAO_LANCAMENTO, DATA_HORA_PREVISTA_CHECAGEM_UTC_FUSO,
										TEMPO_TOLERANCIA, SGH_ID_PRCHKGERAL) 
VALUES (1007, 5, '2022/05/10 20:00-03', '02:00', 11812971);

INSERT INTO MAIN.CHECAGEM_HORAPREVISTA (ID_SUBTENANT, ID_PRESCRICAO_LANCAMENTO, DATA_HORA_PREVISTA_CHECAGEM_UTC_FUSO,
										TEMPO_TOLERANCIA, SGH_ID_PRCHKGERAL) 
VALUES (1007, 5, '2022/05/11 00:00-03', '02:00', 11812972);

INSERT INTO MAIN.CHECAGEM_HORAPREVISTA (ID_SUBTENANT, ID_PRESCRICAO_LANCAMENTO, DATA_HORA_PREVISTA_CHECAGEM_UTC_FUSO,
										TEMPO_TOLERANCIA, SGH_ID_PRCHKGERAL) 
VALUES (1007, 5, '2022/05/11 04:00-03', '02:00', 11812973);

INSERT INTO MAIN.CHECAGEM_HORAPREVISTA (ID_SUBTENANT, ID_PRESCRICAO_LANCAMENTO, DATA_HORA_PREVISTA_CHECAGEM_UTC_FUSO,
										TEMPO_TOLERANCIA, SGH_ID_PRCHKGERAL) 
VALUES (1007, 5, '2022/05/11 08:00-03', '02:00', 11812974);

INSERT INTO MAIN.CHECAGEM_HORAPREVISTA (ID_SUBTENANT, ID_PRESCRICAO_LANCAMENTO, DATA_HORA_PREVISTA_CHECAGEM_UTC_FUSO,
										TEMPO_TOLERANCIA, SGH_ID_PRCHKGERAL) 
VALUES (1007, 5, '2022/05/11 12:00-03', '02:00', 11812975);

INSERT INTO MAIN.CHECAGEM_HORAPREVISTA (ID_SUBTENANT, ID_PRESCRICAO_LANCAMENTO, DATA_HORA_PREVISTA_CHECAGEM_UTC_FUSO,
										TEMPO_TOLERANCIA, SGH_ID_PRCHKGERAL) 
VALUES (1007, 6, '2022/05/10 16:00-03', '02:00', 11812976);

INSERT INTO MAIN.CHECAGEM_HORAPREVISTA (ID_SUBTENANT, ID_PRESCRICAO_LANCAMENTO, DATA_HORA_PREVISTA_CHECAGEM_UTC_FUSO,
										TEMPO_TOLERANCIA, SGH_ID_PRCHKGERAL) 
VALUES (1007, 6, '2022/05/11 00:00-03', '02:00', 11812977);

INSERT INTO MAIN.CHECAGEM_HORAPREVISTA (ID_SUBTENANT, ID_PRESCRICAO_LANCAMENTO, DATA_HORA_PREVISTA_CHECAGEM_UTC_FUSO,
										TEMPO_TOLERANCIA, SGH_ID_PRCHKGERAL) 
VALUES (1007, 6, '2022/05/11 08:00-03', '02:00', 11812978);

INSERT INTO MAIN.CHECAGEM_RASTREABILIDADE (ID_SUBTENANT, IDENTITY_PACIENTE, LOTE, VALIDADE, ID_ESTOQUE_ITEM, 
										   SGH_ID_GERASVALSAIDLOTE)
VALUES (1007, 1, 1245784, '2022/01/01', 4, NULL);

INSERT INTO MAIN.CHECAGEM_RASTREABILIDADE (ID_SUBTENANT, IDENTITY_PACIENTE, LOTE, VALIDADE, ID_ESTOQUE_ITEM, 
										   SGH_ID_GERASVALSAIDLOTE)
VALUES (1007, 1, 1245784, '2022/01/01', 4, NULL);

INSERT INTO MAIN.CHECAGEM_RASTREABILIDADE (ID_SUBTENANT, IDENTITY_PACIENTE, LOTE, VALIDADE, ID_ESTOQUE_ITEM, 
										   SGH_ID_GERASVALSAIDLOTE)
VALUES (1007, 1, 128454, '2022/01/23', 5, NULL);

INSERT INTO MAIN.CHECAGEM_RASTREABILIDADE (ID_SUBTENANT, IDENTITY_PACIENTE, LOTE, VALIDADE, ID_ESTOQUE_ITEM, 
										   SGH_ID_GERASVALSAIDLOTE)
VALUES (1007, 1, 128454, '2022/01/23', 5, NULL);

INSERT INTO MAIN.CHECAGEM_RASTREABILIDADE (ID_SUBTENANT, IDENTITY_PACIENTE, LOTE, VALIDADE, ID_ESTOQUE_ITEM, 
										   SGH_ID_GERASVALSAIDLOTE)
VALUES (1007, 1, 647885, '2023/04/30', 6, NULL);

INSERT INTO MAIN.CHECAGEM_RASTREABILIDADE (ID_SUBTENANT, IDENTITY_PACIENTE, LOTE, VALIDADE, ID_ESTOQUE_ITEM, 
										   SGH_ID_GERASVALSAIDLOTE)
VALUES (1007, 1, 647885, '2023/04/30', 6, NULL);

INSERT INTO MAIN.CHECAGEM_RASTREABILIDADE (ID_SUBTENANT, IDENTITY_PACIENTE, LOTE, VALIDADE, ID_ESTOQUE_ITEM, 
										   SGH_ID_GERASVALSAIDLOTE)
VALUES (1007, 1, 647885, '2023/04/30', 6, NULL);

INSERT INTO MAIN.CHECAGEM_RASTREABILIDADE (ID_SUBTENANT, IDENTITY_PACIENTE, LOTE, VALIDADE, ID_ESTOQUE_ITEM, 
										   SGH_ID_GERASVALSAIDLOTE)
VALUES (1007, 1, 647885, '2023/04/30', 6, NULL);

INSERT INTO MAIN.CHECAGEM_RASTREABILIDADE (ID_SUBTENANT, IDENTITY_PACIENTE, LOTE, VALIDADE, ID_ESTOQUE_ITEM, 
										   SGH_ID_GERASVALSAIDLOTE)
VALUES (1007, 1, 647885, '2023/04/30', 6, NULL);

INSERT INTO MAIN.CHECAGEM_RASTREABILIDADE (ID_SUBTENANT, IDENTITY_PACIENTE, LOTE, VALIDADE, ID_ESTOQUE_ITEM, 
										   SGH_ID_GERASVALSAIDLOTE)
VALUES (1007, 1, 647885, '2023/04/30', 6, NULL);

INSERT INTO MAIN.CHECAGEM_RASTREABILIDADE (ID_SUBTENANT, IDENTITY_PACIENTE, LOTE, VALIDADE, ID_ESTOQUE_ITEM, 
										   SGH_ID_GERASVALSAIDLOTE)
VALUES (1007, 1, 8455421, '2023/05/04', 2, NULL);

INSERT INTO MAIN.CHECAGEM_RASTREABILIDADE (ID_SUBTENANT, IDENTITY_PACIENTE, LOTE, VALIDADE, ID_ESTOQUE_ITEM, 
										   SGH_ID_GERASVALSAIDLOTE)
VALUES (1007, 1, 8455421, '2023/05/04', 2, NULL);

INSERT INTO MAIN.CHECAGEM_RASTREABILIDADE (ID_SUBTENANT, IDENTITY_PACIENTE, LOTE, VALIDADE, ID_ESTOQUE_ITEM, 
										   SGH_ID_GERASVALSAIDLOTE)
VALUES (1007, 1, 8455421, '2023/05/04', 3, NULL);

INSERT INTO MAIN.MONITORIZACAO_ITEM (SIGLA, NOME, ID_MONITORIZACAO_TIPO_DADO, ID_MONITORIZACAO_GRUPO_MEDIDA, STATUS, ID_SGH_PRSINALVITAL)
VALUES ('TAX', 'Temperatura', 2, 5, 'A', NULL);

INSERT INTO MAIN.MONITORIZACAO_ITEM (SIGLA, NOME, ID_MONITORIZACAO_TIPO_DADO, ID_MONITORIZACAO_GRUPO_MEDIDA, STATUS, ID_SGH_PRSINALVITAL)
VALUES ('FC', 'Frequência Cardíaca', 1, 3, 'A', NULL);

INSERT INTO MAIN.MONITORIZACAO_ITEM (SIGLA, NOME, ID_MONITORIZACAO_TIPO_DADO, ID_MONITORIZACAO_GRUPO_MEDIDA, STATUS, ID_SGH_PRSINALVITAL)
VALUES ('FR', 'Frequência Respiratória', 1, 3, 'A', NULL);

INSERT INTO MAIN.MONITORIZACAO_ITEM (SIGLA, NOME, ID_MONITORIZACAO_TIPO_DADO, ID_MONITORIZACAO_GRUPO_MEDIDA, STATUS, ID_SGH_PRSINALVITAL)
VALUES ('PAS', 'Pressão Arterial Sistólica', 1, 4, 'A', NULL);

INSERT INTO MAIN.MONITORIZACAO_ITEM (SIGLA, NOME, ID_MONITORIZACAO_TIPO_DADO, ID_MONITORIZACAO_GRUPO_MEDIDA, STATUS, ID_SGH_PRSINALVITAL)
VALUES ('PAD', 'Pressão Arterial Diastólica', 1, 4, 'A', NULL);

INSERT INTO MAIN.MONITORIZACAO_ITEM (SIGLA, NOME, ID_MONITORIZACAO_TIPO_DADO, ID_MONITORIZACAO_GRUPO_MEDIDA, STATUS, ID_SGH_PRSINALVITAL)
VALUES ('SaO2', 'Saturação de Oxigênio', 1, 3, 'A', NULL);